{"cameraMode":{"drawMode":0,"name":"Shaded","section":"Shading Mode"},"sceneLighting":true,"audioPlay":false,"sceneViewState":{"m_AlwaysRefresh":false,"showFog":true,"showSkybox":true,"showFlares":true,"showImageEffects":true,"showParticleSystems":true,"showVisualEffectGraphs":true,"m_FxEnabled":true},"in2DMode":false,"pivot":{"x":0.3945956230163574,"y":7.537550449371338,"z":-0.017887592315673829},"rotation":{"x":-0.14707626402378083,"y":0.7861527800559998,"z":-0.20493023097515107,"w":-0.5642138719558716},"size":9.541231155395508,"orthographic":false}