{"cameraMode":{"drawMode":0,"name":"Shaded","section":"Shading Mode"},"sceneLighting":true,"audioPlay":false,"sceneViewState":{"m_AlwaysRefresh":false,"showFog":true,"showSkybox":true,"showFlares":true,"showImageEffects":true,"showParticleSystems":true,"showVisualEffectGraphs":true,"m_FxEnabled":true},"in2DMode":false,"pivot":{"x":0.018587589263916017,"y":10.39932632446289,"z":-2.9001612663269045},"rotation":{"x":-0.16242071986198426,"y":0.5217248201370239,"z":-0.09875199943780899,"w":-0.8325181603431702},"size":2.0667169094085695,"orthographic":false}