{"cameraMode":{"drawMode":0,"name":"Shaded","section":"Shading Mode"},"sceneLighting":true,"audioPlay":false,"sceneViewState":{"m_AlwaysRefresh":false,"showFog":true,"showSkybox":true,"showFlares":true,"showImageEffects":true,"showParticleSystems":true,"showVisualEffectGraphs":true,"m_FxEnabled":true},"in2DMode":false,"pivot":{"x":0.3945956230163574,"y":7.537550449371338,"z":-0.017887592315673829},"rotation":{"x":-0.18593929708003999,"y":0.7748280167579651,"z":-0.2656214237213135,"w":-0.5437154173851013},"size":33.42086410522461,"orthographic":false}