{"cameraMode":{"drawMode":0,"name":"Shaded","section":"Shading Mode"},"sceneLighting":true,"audioPlay":false,"sceneViewState":{"m_AlwaysRefresh":false,"showFog":true,"showSkybox":true,"showFlares":true,"showImageEffects":true,"showParticleSystems":true,"showVisualEffectGraphs":true,"m_FxEnabled":true},"in2DMode":false,"pivot":{"x":0.3799999952316284,"y":10.247600555419922,"z":0.3199999928474426},"rotation":{"x":0.004898983985185623,"y":0.9822083711624146,"z":-0.18704922497272492,"w":0.03789912164211273},"size":2.2599425315856935,"orthographic":false}