{"cameraMode":{"drawMode":0,"name":"Shaded","section":"Shading Mode"},"sceneLighting":false,"audioPlay":false,"sceneViewState":{"m_AlwaysRefresh":false,"showFog":true,"showSkybox":true,"showFlares":true,"showImageEffects":true,"showParticleSystems":true,"showVisualEffectGraphs":true,"m_FxEnabled":true},"in2DMode":false,"pivot":{"x":0.7297537326812744,"y":0.6366493701934815,"z":1.6202497482299805},"rotation":{"x":-0.09857717901468277,"y":-0.5354318618774414,"z":0.06309831887483597,"w":-0.8364434242248535},"size":2.464933395385742,"orthographic":false}