{"cameraMode":{"drawMode":0,"name":"Shaded","section":"Shading Mode"},"sceneLighting":true,"audioPlay":false,"sceneViewState":{"m_AlwaysRefresh":false,"showFog":true,"showSkybox":true,"showFlares":true,"showImageEffects":true,"showParticleSystems":true,"showVisualEffectGraphs":true,"m_FxEnabled":true},"in2DMode":false,"pivot":{"x":115.99136352539063,"y":-13.295928955078125,"z":166.93064880371095},"rotation":{"x":0.053747713565826419,"y":0.28020018339157107,"z":-0.013945130631327629,"w":0.9587080478668213},"size":112.60912322998047,"orthographic":false}