{"cameraMode":{"drawMode":0,"name":"Shaded","section":"Shading Mode"},"sceneLighting":true,"audioPlay":false,"sceneViewState":{"m_AlwaysRefresh":false,"showFog":true,"showSkybox":true,"showFlares":true,"showImageEffects":true,"showParticleSystems":true,"showVisualEffectGraphs":true,"m_FxEnabled":true},"in2DMode":false,"pivot":{"x":0.3945956230163574,"y":7.537550449371338,"z":-0.017887592315673829},"rotation":{"x":-0.1012088730931282,"y":0.6937019228935242,"z":-0.09975854307413101,"w":-0.7068905830383301},"size":1.5525020360946656,"orthographic":false}